C1,A1,action,strength,C1_afteraction,A1_afteraction
-2.476,10.26,change A1 (A1 coarse),50.0,-4.327,8.121
1.824,5.209,change A1 (A1 coarse),50.0,3.004,2.354
-0.3885,12.28,change A1 (A1 coarse),50.0,0.1693,7.642
0.904,7.501,change A1 (A1 coarse),50.0,1.402,6.455
0.5438999999999999,3.653,change A1 (A1 coarse),50.0,0.5068,3.627
2.636,6.277,change A1 (A1 coarse),50.0,2.826,5.697
2.65,4.938,change A1 (A1 coarse),50.0,2.552,2.938
-0.07366,3.125,change A1 (A1 coarse),50.0,-0.2929,1.876
0.481,9.452,change A1 (A1 coarse),50.0,-0.756,5.401
-0.756,5.401,change A1 (A1 coarse),50.0,-1.11,4.407
-0.45630000000000004,4.812,change A1 (A1 coarse),50.0,-0.4621,1.344
19.22,3.896,change A1 (A1 coarse),50.0,11.72,2.844
-1.949,4.348,change A1 (A1 coarse),50.0,-5.063,1.272
27.94,40.88,change A1 (A1 coarse),50.0,25.05,8.61
-27.64,5.49,change A1 (A1 coarse),50.0,-27.71,3.382
-0.2844,6.742,change A1 (A1 coarse),50.0,-0.8589,0.8469
-0.6859,9.733,change A1 (A1 coarse),50.0,-3.652,4.487
-17.7,9.871,change A1 (A1 coarse),50.0,-15.24,1.871
-7.718,4.112,change A1 (A1 coarse),50.0,-8.292,1.729
-0.7257,2.905,change A1 (A1 coarse),50.0,-0.6025,1.848
-8.721,12.93,change A1 (A1 coarse),50.0,-8.909,10.2
-0.3354,4.623,change A1 (A1 coarse),50.0,-0.37810000000000005,4.936
-0.37810000000000005,4.936,change A1 (A1 coarse),50.0,-2.178,4.293
-2.178,4.293,change A1 (A1 coarse),50.0,0.5670000000000001,2.431
0.6103,4.078,change A1 (A1 coarse),50.0,-1.218,1.625
-1.012,3.966,change A1 (A1 coarse),50.0,1.127,4.338
1.127,4.338,change A1 (A1 coarse),50.0,-0.9409,3.875
-0.8512000000000001,4.425,change A1 (A1 coarse),50.0,0.9868,4.998
0.26,4.977,change A1 (A1 coarse),50.0,-1.119,3.761
-0.5977,4.494,change A1 (A1 coarse),50.0,0.8745,4.722
0.38730000000000003,5.313,change A1 (A1 coarse),75.0,-0.7414,0.728
-0.8737,3.564,change A1 (A1 coarse),75.0,-1.12,4.535
-1.211,4.295,change A1 (A1 coarse),75.0,-0.05112,5.271
-0.05112,5.271,change A1 (A1 coarse),75.0,-1.918,3.075
-2.718,16.68,change A1 (A1 coarse),75.0,0.9555,2.965
-0.32339999999999997,2.607,change A1 (A1 coarse),75.0,0.03928,2.32
-0.5321,13.67,change A1 (A1 coarse),75.0,1.216,2.343
1.216,2.343,change A1 (A1 coarse),75.0,0.47300000000000003,1.62
-0.581,3.078,change A1 (A1 coarse),75.0,-0.07705,1.498
-0.0627,8.668,change A1 (A1 coarse),75.0,0.7672000000000001,3.383
0.7672000000000001,3.383,change A1 (A1 coarse),75.0,1.367,0.6161
0.9122,6.214,change A1 (A1 coarse),75.0,1.243,4.992
1.453,2.091,change A1 (A1 coarse),75.0,1.054,1.651
1.153,1.823,change A1 (A1 coarse),75.0,1.419,1.957
0.6999,1.905,change A1 (A1 coarse),75.0,0.26539999999999997,0.3748
0.9763,2.132,change A1 (A1 coarse),75.0,1.989,2.198
1.989,2.198,change A1 (A1 coarse),75.0,1.214,2.508
0.8225,9.136,change A1 (A1 coarse),75.0,1.412,3.764
1.412,3.764,change A1 (A1 coarse),75.0,1.55,3.222
1.55,3.222,change A1 (A1 coarse),75.0,1.064,3.546
1.418,2.808,change A1 (A1 coarse),75.0,1.791,1.251
-0.6814,5.242,change A1 (A1 coarse),75.0,-0.9376,2.482
1.39,8.049,change A1 (A1 coarse),75.0,2.276,0.9174
-0.487,4.44,change A1 (A1 coarse),75.0,-0.8424,4.582
-3.288,2.554,change A1 (A1 coarse),75.0,-2.063,2.137
-2.184,2.889,change A1 (A1 coarse),75.0,-1.671,2.686
-0.5774,1.822,change A1 (A1 coarse),75.0,-0.11670000000000001,0.8279
0.43060000000000004,2.01,change A1 (A1 coarse),75.0,-0.1547,2.04
0.258,2.208,change A1 (A1 coarse),75.0,-0.5283,0.8576
-0.08804000000000001,1.715,change A1 (A1 coarse),75.0,-0.3506,0.9797
-0.509,3.89,change A1 (A1 coarse),75.0,-0.539,2.844
-0.539,2.844,change A1 (A1 coarse),75.0,-1.127,0.9732999999999999
-2.144,4.04,change A1 (A1 coarse),75.0,-2.599,3.466
-0.4358,2.194,change A1 (A1 coarse),75.0,-0.5306000000000001,2.252
-21.66,10.72,change A1 (A1 coarse),75.0,-21.39,9.412
-1.409,3.245,change A1 (A1 coarse),75.0,-0.5887000000000001,1.695
4.786,3.824,change A1 (A1 coarse),75.0,2.976,1.41
0.6574,2.32,change A1 (A1 coarse),75.0,1.324,2.982
1.324,2.982,change A1 (A1 coarse),75.0,0.687,0.1875
-0.3795,5.719,change A1 (A1 coarse),75.0,0.7945,2.201
0.5196000000000001,1.329,change A1 (A1 coarse),75.0,0.9155,1.427
-0.8476,4.758,change A1 (A1 coarse),75.0,0.09423999999999999,2.232
-0.2209,2.636,change A1 (A1 coarse),75.0,0.01806,0.9829
-0.42110000000000003,6.245,change A1 (A1 coarse),75.0,-1.37,4.687
-1.37,4.687,change A1 (A1 coarse),75.0,-0.7262000000000001,2.941
-0.1978,2.789,change A1 (A1 coarse),75.0,-0.5286000000000001,2.937
-0.5286000000000001,2.937,change A1 (A1 coarse),75.0,-0.3568,3.452
-0.3568,3.452,change A1 (A1 coarse),75.0,-1.772,2.891
-0.09504000000000001,2.394,change A1 (A1 coarse),75.0,-0.509,3.657
-0.509,3.657,change A1 (A1 coarse),75.0,-1.202,2.934
-1.159,6.729,change A1 (A1 coarse),75.0,-0.3502,2.065
-0.8276,1.788,change A1 (A1 coarse),75.0,-0.4577,1.787
-0.4577,1.787,change A1 (A1 coarse),75.0,-1.78,3.815
-1.78,3.815,change A1 (A1 coarse),75.0,-0.15080000000000002,2.916
-0.15080000000000002,2.916,change A1 (A1 coarse),75.0,-1.141,3.224
-1.141,3.224,change A1 (A1 coarse),75.0,-0.7787999999999999,1.93
-0.8485,2.927,change A1 (A1 coarse),75.0,-1.042,3.057
-1.191,2.972,change A1 (A1 coarse),75.0,-1.231,1.281
-1.231,1.281,change A1 (A1 coarse),75.0,-1.128,0.9496
0.8206,2.114,change A1 (A1 coarse),75.0,0.8173,1.034
-1.476,2.872,change A1 (A1 coarse),75.0,-1.96,2.93
-1.274,3.325,change A1 (A1 coarse),75.0,0.5241,0.9883
-0.2541,1.892,change A1 (A1 coarse),75.0,-0.0249,1.556
1.892,1.931,change A1 (A1 coarse),75.0,1.621,0.9617000000000001
1.488,1.29,change A1 (A1 coarse),75.0,1.507,1.152
1.788,2.369,change A1 (A1 coarse),75.0,-0.218,4.781
0.3501,4.293,change A1 (A1 coarse),75.0,1.118,4.406
1.011,3.181,change A1 (A1 coarse),75.0,0.7571,3.123
1.482,3.31,change A1 (A1 coarse),75.0,0.11240000000000001,4.699
-0.003733,3.677,change A1 (A1 coarse),75.0,1.788,2.504
1.222,2.798,change A1 (A1 coarse),75.0,-0.744,3.108
-0.744,3.108,change A1 (A1 coarse),75.0,1.174,2.503
0.7816000000000001,2.487,change A1 (A1 coarse),75.0,0.374,2.927
0.374,2.927,change A1 (A1 coarse),50.0,0.30460000000000004,1.906
0.5737000000000001,2.609,change A1 (A1 coarse),50.0,0.6942,2.55
-0.968,2.078,change A1 (A1 coarse),50.0,-1.163,2.689
-1.163,2.689,change A1 (A1 coarse),50.0,-1.079,1.481
8.721,4.249,change A1 (A1 coarse),50.0,8.725,4.122
8.725,4.122,change A1 (A1 coarse),50.0,9.655,4.208
9.977,4.164,change A1 (A1 coarse),50.0,9.287,4.0
3.29,2.63,change A1 (A1 coarse),50.0,8.362,2.723
8.362,2.723,change A1 (A1 coarse),50.0,8.983,2.245
8.683,2.126,change A1 (A1 coarse),50.0,8.001,1.839
8.001,1.839,change A1 (A1 coarse),50.0,6.749,2.362
6.749,2.362,change A1 (A1 coarse),50.0,8.076,1.962
8.076,1.962,change A1 (A1 coarse),50.0,7.328,1.338
7.328,1.338,change A1 (A1 coarse),50.0,7.687,0.677
7.687,0.677,change A1 (A1 coarse),50.0,7.333,1.656
2.516,26.62,change A1 (A1 coarse),50.0,-0.22990000000000002,20.82
-0.22990000000000002,20.82,change A1 (A1 coarse),50.0,2.083,7.205
2.083,7.205,change A1 (A1 coarse),50.0,1.294,5.104
1.294,5.104,change A1 (A1 coarse),50.0,1.911,3.132
1.911,3.132,change A1 (A1 coarse),50.0,1.116,3.301
1.116,3.301,change A1 (A1 coarse),50.0,1.642,1.694
1.642,1.694,change A1 (A1 coarse),50.0,1.789,2.019
1.647,1.178,change A1 (A1 coarse),50.0,-15.06,1.472
1.265,12.08,change A1 (A1 coarse),50.0,-1.215,8.103
-1.469,4.365,change A1 (A1 coarse),50.0,-1.519,3.127
-1.733,3.101,change A1 (A1 coarse),50.0,-1.732,3.994
-1.825,10.14,change A1 (A1 coarse),50.0,-3.108,7.564
-3.108,7.564,change A1 (A1 coarse),50.0,-2.332,4.149
-2.332,4.149,change A1 (A1 coarse),50.0,-1.323,1.77
1.669,37.12,change A1 (A1 coarse),50.0,-21.6,53.89
-21.6,53.89,change A1 (A1 coarse),50.0,7.675,33.42
7.675,33.42,change A1 (A1 coarse),50.0,-20.97,14.34
-20.97,14.34,change A1 (A1 coarse),50.0,2.326,18.25
2.326,18.25,change A1 (A1 coarse),50.0,1.307,26.47
1.307,26.47,change A1 (A1 coarse),50.0,5.373,21.12
5.373,21.12,change A1 (A1 coarse),50.0,-13.5,10.67
-13.5,10.67,change A1 (A1 coarse),50.0,11.85,7.491
11.85,7.491,change A1 (A1 coarse),50.0,6.894,20.63
6.894,20.63,change A1 (A1 coarse),50.0,17.28,16.14
17.28,16.14,change A1 (A1 coarse),50.0,-6.105,13.08
-6.105,13.08,change A1 (A1 coarse),50.0,-20.95,16.73
2.167,13.31,change A1 (A1 coarse),50.0,1.043,12.88
2.562,10.71,change A1 (A1 coarse),50.0,0.5855,8.623
2.762,6.591,change A1 (A1 coarse),50.0,1.059,3.447
1.059,3.447,change A1 (A1 coarse),50.0,1.488,3.106
1.488,3.106,change A1 (A1 coarse),50.0,1.114,4.105
1.665,4.579,change A1 (A1 coarse),50.0,0.542,1.662
-2.425,43.3,change A1 (A1 coarse),50.0,-5.249,21.82
-5.249,21.82,change A1 (A1 coarse),50.0,-4.917,11.17
-4.917,11.17,change A1 (A1 coarse),50.0,-5.383,7.943
-5.383,7.943,change A1 (A1 coarse),50.0,-5.682,3.463
1.733,2.861,change A1 (A1 coarse),50.0,0.2677,1.849
0.5108,18.76,change A1 (A1 coarse),50.0,-2.084,11.0
-2.084,11.0,change A1 (A1 coarse),50.0,-0.8429,3.763
-0.8429,3.763,change A1 (A1 coarse),50.0,-0.3458,4.707
-0.3458,4.707,change A1 (A1 coarse),50.0,-0.485,2.105
-0.485,2.105,change A1 (A1 coarse),50.0,-1.389,1.426
-1.586,5.993,change A1 (A1 coarse),50.0,-0.7274,1.576
0.1978,10.87,change A1 (A1 coarse),50.0,-1.106,9.603
-1.011,6.515,change A1 (A1 coarse),50.0,-0.11750000000000001,4.317
-0.11750000000000001,4.317,change A1 (A1 coarse),50.0,-0.8833,0.3535
-3.134,6.658,change A1 (A1 coarse),50.0,-3.632,3.125
-0.3175,2.854,change A1 (A1 coarse),50.0,-0.3411,4.568
-1.054,2.957,change A1 (A1 coarse),50.0,0.4329,1.547
-3.18,11.52,change A1 (A1 coarse),50.0,-3.676,8.873
-3.676,8.873,change A1 (A1 coarse),50.0,-3.473,3.109
-3.473,3.109,change A1 (A1 coarse),50.0,-3.52,0.8425
-3.942,7.259,change A1 (A1 coarse),50.0,-3.625,5.745
-3.625,5.745,change A1 (A1 coarse),50.0,-3.534,3.22
-3.534,3.22,change A1 (A1 coarse),50.0,-4.445,1.508
-3.433,10.05,change A1 (A1 coarse),50.0,-3.246,7.647
-3.246,7.647,change A1 (A1 coarse),50.0,-2.814,3.063
-2.814,3.063,change A1 (A1 coarse),50.0,-3.658,2.467
-3.658,2.467,change A1 (A1 coarse),50.0,-3.958,2.886
-2.09,8.388,change A1 (A1 coarse),50.0,-1.877,5.85
-0.8849,3.56,change A1 (A1 coarse),50.0,-0.8272999999999999,3.334
-1.535,4.786,change A1 (A1 coarse),50.0,-2.258,1.446
-1.849,2.049,change A1 (A1 coarse),50.0,-1.188,1.514
0.3562,9.11,change A1 (A1 coarse),50.0,0.2677,5.898
-0.4789,5.142,change A1 (A1 coarse),50.0,0.112,5.055
0.31539999999999996,4.743,change A1 (A1 coarse),50.0,0.2066,2.637
0.1201,3.625,change A1 (A1 coarse),50.0,-0.08412,6.109
-0.4868,4.335,change A1 (A1 coarse),50.0,-0.6706000000000001,2.204
-1.61,11.11,change A1 (A1 coarse),50.0,-3.099,2.015
-1.181,8.682,change A1 (A1 coarse),50.0,-1.055,3.051
-2.498,5.307,change A1 (A1 coarse),50.0,-2.002,2.473
-2.376,2.875,change A1 (A1 coarse),50.0,-2.587,3.267
-2.467,3.366,change A1 (A1 coarse),50.0,-2.346,2.5
-2.346,2.5,change A1 (A1 coarse),50.0,-1.883,2.248
-2.902,4.193,change A1 (A1 coarse),50.0,-2.869,0.8703
-0.7988,6.38,change A1 (A1 coarse),50.0,-0.8909,1.669
-1.151,6.182,change A1 (A1 coarse),50.0,-1.647,3.026
-1.647,3.026,change A1 (A1 coarse),50.0,-2.233,2.381
-1.586,2.595,change A1 (A1 coarse),50.0,-1.144,1.582
-1.144,1.582,change A1 (A1 coarse),50.0,-2.063,1.596
0.847,8.286,change A1 (A1 coarse),50.0,0.7055,2.631
0.7055,2.631,change A1 (A1 coarse),50.0,0.338,1.548
-1.653,4.351,change A1 (A1 coarse),50.0,-1.049,0.7458
-18.97,57.06,change A1 (A1 coarse),50.0,-5.892,71.29
-5.892,71.29,change A1 (A1 coarse),50.0,31.21,79.91
31.21,79.91,change A1 (A1 coarse),50.0,-57.11,87.66
-57.11,87.66,change A1 (A1 coarse),50.0,24.29,87.33
24.29,87.33,change A1 (A1 coarse),50.0,3.702,43.0
3.702,43.0,change A1 (A1 coarse),50.0,-50.94,87.19
-50.94,87.19,change A1 (A1 coarse),50.0,75.97,159.4
75.97,159.4,change A1 (A1 coarse),50.0,50.14,101.2
50.14,101.2,change A1 (A1 coarse),50.0,53.15,105.2
53.15,105.2,change A1 (A1 coarse),50.0,-15.35,22.78
-15.35,22.78,change A1 (A1 coarse),50.0,14.9,67.53
14.9,67.53,change A1 (A1 coarse),50.0,15.74,90.37
2.042,85.71,change A1 (A1 coarse),50.0,1.213,56.57
1.213,56.57,change A1 (A1 coarse),50.0,-0.21380000000000002,37.16
-0.21380000000000002,37.16,change A1 (A1 coarse),50.0,-0.1042,21.32
-0.1042,21.32,change A1 (A1 coarse),50.0,-1.532,7.572
-1.532,7.572,change A1 (A1 coarse),50.0,-0.7259,7.374
-0.7259,7.374,change A1 (A1 coarse),50.0,-2.301,2.718
-2.301,2.718,change A1 (A1 coarse),50.0,-2.712,1.549
2.058,13.13,change A1 (A1 coarse),50.0,3.344,11.57
3.344,11.57,change A1 (A1 coarse),50.0,3.96,0.7597999999999999
3.196,2.453,change A1 (A1 coarse),50.0,0.1033,1.085
-2.466,4.285,change A1 (A1 coarse),50.0,-1.683,2.499
0.3531,3.665,change A1 (A1 coarse),50.0,1.029,3.894
0.231,1.156,change A1 (A1 coarse),50.0,1.121,0.9905
-16.16,17.01,change A1 (A1 coarse),50.0,-18.36,13.71
6.27,3.988,change A1 (A1 coarse),50.0,5.703,2.535
0.988,2.54,change A1 (A1 coarse),50.0,0.1705,2.91
0.1705,2.91,change A1 (A1 coarse),50.0,0.9131,1.254
0.8347000000000001,3.227,change A1 (A1 coarse),50.0,0.8755000000000001,2.875
0.8755000000000001,2.875,change A1 (A1 coarse),50.0,0.4207,2.333
0.2982,2.641,change A1 (A1 coarse),50.0,2.47,0.218
0.38010000000000005,2.626,change A1 (A1 coarse),50.0,1.064,2.264
0.3659,3.332,change A1 (A1 coarse),50.0,0.9717000000000001,2.196
0.5601,3.165,change A1 (A1 coarse),50.0,0.8284,2.409
0.8284,2.409,change A1 (A1 coarse),50.0,0.6545,1.87
1.755,3.355,change A1 (A1 coarse),50.0,1.36,2.2
1.422,2.651,change A1 (A1 coarse),50.0,1.419,2.118
0.4561,3.105,change A1 (A1 coarse),50.0,1.884,0.9928
0.9638,1.211,change A1 (A1 coarse),50.0,1.514,0.6407999999999999
0.5577000000000001,3.389,change A1 (A1 coarse),50.0,0.3476,0.8844
0.8242999999999999,1.563,change A1 (A1 coarse),50.0,0.5734,2.198
-0.07113,4.261,change A1 (A1 coarse),50.0,0.2031,2.422
0.2031,2.422,change A1 (A1 coarse),50.0,0.6405,1.992
0.3551,2.304,change A1 (A1 coarse),50.0,0.16440000000000002,1.612
-2.479,4.299,change A1 (A1 coarse),50.0,-0.9561000000000001,2.566
-1.647,2.809,change A1 (A1 coarse),50.0,-1.062,1.689
-1.062,1.689,change A1 (A1 coarse),50.0,-1.217,1.298
-0.4465,1.843,change A1 (A1 coarse),50.0,-1.015,1.108
-0.5972000000000001,2.646,change A1 (A1 coarse),50.0,-0.79,2.561
-0.79,2.561,change A1 (A1 coarse),50.0,-1.338,2.479
-1.345,2.147,change A1 (A1 coarse),50.0,-0.846,0.6107
0.005064,2.628,change A1 (A1 coarse),50.0,-0.4779,2.547
-0.4779,2.547,change A1 (A1 coarse),50.0,0.25939999999999996,1.696
-0.8117000000000001,2.124,change A1 (A1 coarse),50.0,0.007534,1.132
-0.549,1.65,change A1 (A1 coarse),50.0,-0.12919999999999998,0.2072
-0.5313,1.408,change A1 (A1 coarse),50.0,-0.8179,0.8613
0.3887,2.087,change A1 (A1 coarse),50.0,0.08374,2.327
0.08374,2.327,change A1 (A1 coarse),50.0,0.4343,2.589
0.1981,2.148,change A1 (A1 coarse),50.0,0.37610000000000005,2.7
0.006452,3.043,change A1 (A1 coarse),50.0,0.32580000000000003,1.823
0.18,1.34,change A1 (A1 coarse),50.0,-0.25789999999999996,0.6188
-0.864,1.697,change A1 (A1 coarse),50.0,0.08915000000000001,1.612
-0.17980000000000002,1.921,change A1 (A1 coarse),50.0,-0.38880000000000003,0.6524
0.4442,4.367,change A1 (A1 coarse),50.0,1.292,0.8219
1.207,1.284,change A1 (A1 coarse),50.0,1.35,0.7429
-0.7784,1.253,change A1 (A1 coarse),50.0,-1.665,1.773
-0.624,1.91,change A1 (A1 coarse),50.0,-1.074,1.261
2.703,1.897,change A1 (A1 coarse),50.0,2.698,2.052
-0.6002000000000001,2.804,change A1 (A1 coarse),50.0,-1.066,1.296
0.06385,26.85,change A1 (A1 coarse),100.0,0.4397,8.54
0.4397,8.54,change A1 (A1 coarse),100.0,-0.38239999999999996,4.405
-0.38239999999999996,4.405,change A1 (A1 coarse),50.0,-1.948,1.204
-2.427,2.357,change A1 (A1 coarse),50.0,-0.04248,1.547
-0.08186,3.678,change A1 (A1 coarse),50.0,0.1343,2.946
-0.23500000000000001,3.761,change A1 (A1 coarse),50.0,0.9615,2.311
-0.2002,2.368,change A1 (A1 coarse),50.0,-0.1306,1.705
-0.08278,4.26,change A1 (A1 coarse),50.0,-1.233,2.999
1.195,3.899,change A1 (A1 coarse),50.0,0.4117,2.155
0.1037,3.284,change A1 (A1 coarse),50.0,1.112,2.378
-0.8467,2.582,change A1 (A1 coarse),50.0,1.769,2.718
2.36,1.807,change A1 (A1 coarse),50.0,1.228,2.552
-1.17,3.801,change A1 (A1 coarse),50.0,-0.722,1.993
-0.3406,5.221,change A1 (A1 coarse),50.0,-0.2707,3.068
-0.2707,3.068,change A1 (A1 coarse),50.0,0.004789,0.8270000000000001
-1.411,1.107,change A1 (A1 coarse),50.0,-1.663,1.348
-1.243,0.8384,change A1 (A1 coarse),50.0,-1.025,0.6811
1.687,11.44,change A1 (A1 coarse),50.0,-0.6159,7.366
-0.6159,7.366,change A1 (A1 coarse),50.0,3.548,1.808
3.252,1.633,change A1 (A1 coarse),50.0,3.284,2.005
3.284,2.005,change A1 (A1 coarse),50.0,2.919,1.726
-1.767,17.94,change A1 (A1 coarse),50.0,-7.059,14.24
-7.059,14.24,change A1 (A1 coarse),50.0,-0.9420000000000001,3.845
-0.9420000000000001,3.845,change A1 (A1 coarse),50.0,-0.7606,2.866
-0.7606,2.866,change A1 (A1 coarse),50.0,-1.053,0.4315
-0.3501,2.795,change A1 (A1 coarse),50.0,0.2184,0.6878
0.2184,0.6878,change A1 (A1 coarse),50.0,0.04458,0.4392
0.8339,1.385,change A1 (A1 coarse),50.0,0.4165,1.399
0.32330000000000003,1.414,change A1 (A1 coarse),50.0,0.4905,1.217
0.4905,1.217,change A1 (A1 coarse),50.0,0.5700000000000001,1.428
0.5700000000000001,1.428,change A1 (A1 coarse),50.0,0.623,1.302
0.623,1.302,change A1 (A1 coarse),50.0,1.062,1.357
1.062,1.357,change A1 (A1 coarse),50.0,0.7827000000000001,1.331
0.7827000000000001,1.331,change A1 (A1 coarse),50.0,1.158,1.303
1.158,1.303,change A1 (A1 coarse),50.0,1.554,1.727
1.554,1.727,change A1 (A1 coarse),50.0,1.15,0.4173
1.313,4.472,change A1 (A1 coarse),50.0,1.308,0.9514
2.192,10.04,change A1 (A1 coarse),50.0,1.686,5.362
1.686,5.362,change A1 (A1 coarse),50.0,1.731,2.211
1.741,2.694,change A1 (A1 coarse),50.0,1.87,0.6068
3.226,11.78,change A1 (A1 coarse),50.0,3.566,5.577
3.566,5.577,change A1 (A1 coarse),50.0,3.281,3.09
3.281,3.09,change A1 (A1 coarse),50.0,2.923,2.258
2.923,2.258,change A1 (A1 coarse),50.0,3.442,1.704
3.525,1.117,change A1 (A1 coarse),50.0,-1.399,0.5583
2.558,14.18,change A1 (A1 coarse),50.0,-0.372,10.51
2.954,8.223,change A1 (A1 coarse),50.0,3.333,3.962
3.333,3.962,change A1 (A1 coarse),50.0,3.439,3.816
3.439,3.816,change A1 (A1 coarse),50.0,3.963,1.126
3.963,1.126,change A1 (A1 coarse),50.0,3.628,1.554
3.78,1.794,change A1 (A1 coarse),50.0,3.684,1.6
3.244,1.013,change A1 (A1 coarse),50.0,3.303,0.9611000000000001
2.007,5.402,change A1 (A1 coarse),50.0,2.098,4.364
2.098,4.364,change A1 (A1 coarse),50.0,1.825,0.6711
3.846,10.37,change A1 (A1 coarse),50.0,4.091,6.028
4.091,6.028,change A1 (A1 coarse),50.0,3.676,2.726
3.676,2.726,change A1 (A1 coarse),50.0,4.169,3.404
4.169,3.404,change A1 (A1 coarse),50.0,4.223,3.213
4.223,3.213,change A1 (A1 coarse),50.0,4.1,1.294
4.1,1.294,change A1 (A1 coarse),50.0,4.142,1.101
0.3339,8.15,change A1 (A1 coarse),75.0,-0.4716,4.377
1.186,1.261,change A1 (A1 coarse),75.0,1.254,1.146
-0.7187,7.663,change A1 (A1 coarse),75.0,-0.1448,2.694
-0.1448,2.694,change A1 (A1 coarse),75.0,-0.266,0.6141000000000001
1.372,4.023,change A1 (A1 coarse),75.0,1.707,0.7434
1.194,4.619,change A1 (A1 coarse),75.0,1.327,4.457
1.327,4.457,change A1 (A1 coarse),75.0,1.196,2.964
1.196,2.964,change A1 (A1 coarse),75.0,1.193,2.648
1.193,2.648,change A1 (A1 coarse),75.0,1.188,2.336
1.188,2.336,change A1 (A1 coarse),75.0,1.29,0.5096
-2.842,6.631,change A1 (A1 coarse),50.0,0.18969999999999998,7.435
0.18969999999999998,7.435,change A1 (A1 coarse),50.0,-0.047439999999999996,4.551
-0.047439999999999996,4.551,change A1 (A1 coarse),50.0,0.2378,4.529
0.2378,4.529,change A1 (A1 coarse),50.0,0.7329,2.431
0.7329,2.431,change A1 (A1 coarse),50.0,0.6952999999999999,0.43110000000000004
1.445,5.643,change A1 (A1 coarse),50.0,1.377,4.211
1.377,4.211,change A1 (A1 coarse),50.0,1.886,3.732
2.152,3.81,change A1 (A1 coarse),50.0,2.112,0.9649
1.863,1.351,change A1 (A1 coarse),50.0,2.205,1.327
2.172,1.429,change A1 (A1 coarse),50.0,2.177,1.646
-2.367,0.7422000000000001,change A1 (A1 coarse),50.0,1.828,1.886
1.828,1.886,change A1 (A1 coarse),50.0,1.79,1.5
1.513,1.056,change A1 (A1 coarse),50.0,1.55,1.051
1.366,0.7129,change A1 (A1 coarse),50.0,1.849,1.065
0.5957,3.603,change A1 (A1 coarse),50.0,0.22169999999999998,3.338
0.22169999999999998,3.338,change A1 (A1 coarse),50.0,0.365,3.179
0.38939999999999997,1.777,change A1 (A1 coarse),50.0,0.44939999999999997,2.053
0.2322,1.632,change A1 (A1 coarse),50.0,0.2686,1.274
0.2686,1.274,change A1 (A1 coarse),50.0,0.534,1.999
16.69,4.001,change A1 (A1 coarse),50.0,19.01,4.346
21.34,3.438,change A1 (A1 coarse),50.0,5.504,0.9207000000000001
2.209,1.851,change A1 (A1 coarse),50.0,3.341,0.7005
13.26,4.124,change A1 (A1 coarse),50.0,3.065,1.097
3.065,1.097,change A1 (A1 coarse),50.0,11.72,1.374
11.72,1.374,change A1 (A1 coarse),50.0,7.961,0.9364
7.961,0.9364,change A1 (A1 coarse),50.0,10.41,1.813
0.2511,4.355,change A1 (A1 coarse),50.0,-0.2419,2.363
-0.2419,2.363,change A1 (A1 coarse),50.0,0.2407,0.8963
1.045,5.945,change A1 (A1 coarse),50.0,0.6307999999999999,5.132
0.6307999999999999,5.132,change A1 (A1 coarse),50.0,1.758,2.523
1.758,2.523,change A1 (A1 coarse),50.0,1.213,2.141
1.213,2.141,change A1 (A1 coarse),50.0,1.599,0.6192000000000001
1.462,0.7888,change A1 (A1 coarse),50.0,1.636,0.7951
3.421,6.37,change A1 (A1 coarse),50.0,3.528,4.844
3.528,4.844,change A1 (A1 coarse),50.0,3.341,1.717
1.855,2.078,change A1 (A1 coarse),50.0,1.469,1.672
-0.3162,4.505,change A1 (A1 coarse),50.0,0.4122,2.222
-0.2214,3.467,change A1 (A1 coarse),50.0,-0.39180000000000004,2.589
1.541,1.969,change A1 (A1 coarse),50.0,-0.1504,3.161
-0.3805,3.016,change A1 (A1 coarse),50.0,-0.6131000000000001,4.372
-1.123,3.32,change A1 (A1 coarse),50.0,-1.181,1.797
0.3334,4.564,change A1 (A1 coarse),50.0,-1.377,1.689
4.394,37.77,change A1 (A1 coarse),50.0,-2.683,29.15
-2.683,29.15,change A1 (A1 coarse),50.0,0.2013,9.795
0.2013,9.795,change A1 (A1 coarse),50.0,0.5583,4.294
0.5583,4.294,change A1 (A1 coarse),50.0,0.8385,0.9288
2.108,2.722,change A1 (A1 coarse),50.0,1.489,1.329
-3.76,6.787,change A1 (A1 coarse),50.0,-3.096,5.849
0.3392,4.223,change A1 (A1 coarse),50.0,-0.4634,3.343
1.382,6.905,change A1 (A1 coarse),50.0,1.493,4.172
1.384,3.908,change A1 (A1 coarse),50.0,1.918,3.84
1.918,3.84,change A1 (A1 coarse),50.0,2.645,1.338
1.426,4.717,change A1 (A1 coarse),50.0,2.276,3.559
1.682,4.657,change A1 (A1 coarse),50.0,2.486,2.564
-45.56,47.06,change A1 (A1 coarse),50.0,-53.47,19.29
2.15,16.62,change A1 (A1 coarse),50.0,3.957,8.3
3.34,6.326,change A1 (A1 coarse),50.0,4.597,7.001
1.82,4.654,change A1 (A1 coarse),50.0,2.282,1.522
0.8442999999999999,9.036,change A1 (A1 coarse),50.0,0.9629,5.042
0.8127000000000001,4.999,change A1 (A1 coarse),50.0,0.5701,3.518
1.17,3.764,change A1 (A1 coarse),50.0,0.5782999999999999,3.333
1.894,15.07,change A1 (A1 coarse),50.0,2.099,8.433
1.692,8.787,change A1 (A1 coarse),50.0,2.442,5.888
1.859,5.625,change A1 (A1 coarse),50.0,1.638,2.161
3.33,16.35,change A1 (A1 coarse),30.0,3.4,13.7
4.223,14.11,change A1 (A1 coarse),75.0,3.875,6.654
4.378,7.257,change A1 (A1 coarse),75.0,3.955,3.227
3.341,11.9,change A1 (A1 coarse),50.0,3.104,9.979
3.308,9.77,change A1 (A1 coarse),50.0,3.479,5.821
3.462,5.486,change A1 (A1 coarse),50.0,3.317,3.803
3.146,4.131,change A1 (A1 coarse),50.0,3.422,2.723
-3.428,5.024,change A1 (A1 coarse),50.0,-3.812,2.268
-2.5,5.032,change A1 (A1 coarse),50.0,-2.404,3.148
-2.473,5.548,change A1 (A1 coarse),50.0,-1.822,1.915
0.2063,4.918,change A1 (A1 coarse),50.0,0.4928,4.712
0.4693,3.171,change A1 (A1 coarse),50.0,0.3655,3.286
0.014480000000000002,2.283,change A1 (A1 coarse),50.0,0.331,1.209
-3.341,2.729,change A1 (A1 coarse),50.0,-3.309,1.076
-3.07,3.498,change A1 (A1 coarse),50.0,-2.387,3.598
-3.065,3.363,change A1 (A1 coarse),50.0,-2.003,1.773
2.575,15.42,change A1 (A1 coarse),50.0,1.609,8.621
1.609,8.621,change A1 (A1 coarse),50.0,0.7731,6.133
0.7731,6.133,change A1 (A1 coarse),50.0,1.605,3.453
0.59,2.012,change A1 (A1 coarse),50.0,-0.05135,2.217
0.24580000000000002,2.568,change A1 (A1 coarse),50.0,0.6079,2.357
-0.0381,2.447,change A1 (A1 coarse),50.0,0.061590000000000006,1.371
1.599,6.23,change A1 (A1 coarse),50.0,0.5387000000000001,4.517
0.5387000000000001,4.517,change A1 (A1 coarse),50.0,0.6306,3.716
0.6306,3.716,change A1 (A1 coarse),50.0,1.129,1.915
0.7599,3.457,change A1 (A1 coarse),50.0,0.4953,2.442
1.15,3.325,change A1 (A1 coarse),50.0,1.267,1.626
1.698,5.871,change A1 (A1 coarse),50.0,1.44,3.4
1.252,2.388,change A1 (A1 coarse),50.0,0.8037000000000001,2.351
0.4298,3.555,change A1 (A1 coarse),50.0,0.7843,0.326
3.511,6.146,change A1 (A1 coarse),50.0,3.908,6.463
2.826,6.735,change A1 (A1 coarse),50.0,-1.077,4.814
-0.9434,4.861,change A1 (A1 coarse),50.0,-0.46430000000000005,3.407
-0.517,3.084,change A1 (A1 coarse),50.0,-0.5865,1.867
-0.728,2.948,change A1 (A1 coarse),50.0,-0.7335,1.969
0.18230000000000002,1.489,change A1 (A1 coarse),50.0,0.06324,1.468
4.855,8.435,change A1 (A1 coarse),50.0,4.907,5.243
5.054,5.731,change A1 (A1 coarse),50.0,1.53,3.401
-0.4,4.265,change A1 (A1 coarse),50.0,-0.4952,4.621
-0.4952,4.621,change A1 (A1 coarse),50.0,-0.3753,3.61
0.2675,3.077,change A1 (A1 coarse),50.0,0.5287999999999999,1.954
-2.76,20.36,change A1 (A1 coarse),50.0,7.573,1.86
7.842,15.44,change A1 (A1 coarse),50.0,8.286,10.5
7.768,10.43,change A1 (A1 coarse),50.0,9.374,8.379
9.374,8.379,change A1 (A1 coarse),50.0,9.262,9.443
-1.611,9.702,change A1 (A1 coarse),50.0,-3.64,2.794
-2.591,8.609,change A1 (A1 coarse),50.0,-2.395,6.425
-2.434,6.754,change A1 (A1 coarse),50.0,-2.471,2.893
-2.504,3.119,change A1 (A1 coarse),50.0,-2.393,1.743
5.638,0.4049,change A1 (A1 coarse),50.0,5.231,1.331
6.626,6.323,change A1 (A1 coarse),50.0,6.54,5.348
6.54,5.348,change A1 (A1 coarse),50.0,7.084,2.902
7.084,2.902,change A1 (A1 coarse),50.0,6.373,1.698
6.499,2.522,change A1 (A1 coarse),50.0,1.537,0.7505000000000001
1.418,2.355,change A1 (A1 coarse),50.0,1.958,2.049
1.958,2.049,change A1 (A1 coarse),50.0,2.083,2.51
2.083,2.51,change A1 (A1 coarse),50.0,1.448,0.6059
2.584,5.848,change A1 (A1 coarse),50.0,2.462,3.909
2.658,4.048,change A1 (A1 coarse),50.0,2.361,1.577
2.361,1.577,change A1 (A1 coarse),50.0,2.658,2.423
2.658,2.423,change A1 (A1 coarse),50.0,2.791,1.67
2.791,1.67,change A1 (A1 coarse),50.0,2.476,2.016
2.476,2.016,change A1 (A1 coarse),50.0,2.367,1.078
2.458,0.5746,change A1 (A1 coarse),50.0,2.319,1.256
2.332,1.141,change A1 (A1 coarse),50.0,2.471,0.8366
6.141,2.095,change A1 (A1 coarse),50.0,5.692,1.785
5.692,1.785,change A1 (A1 coarse),50.0,5.946,1.844
5.946,1.844,change A1 (A1 coarse),50.0,6.55,1.611
-0.007958,11.98,change A1 (A1 coarse),50.0,-0.7607999999999999,11.7
0.374,10.01,change A1 (A1 coarse),50.0,0.9949,5.349
0.9949,5.349,change A1 (A1 coarse),50.0,0.8107000000000001,3.831
0.8107000000000001,3.831,change A1 (A1 coarse),50.0,0.9262,2.627
0.9262,2.627,change A1 (A1 coarse),50.0,1.146,1.775
1.146,1.775,change A1 (A1 coarse),50.0,1.307,0.677
2.444,12.12,change A1 (A1 coarse),50.0,1.566,6.73
3.592,4.39,change A1 (A1 coarse),50.0,-2.856,1.242
2.739,2.868,change A1 (A1 coarse),50.0,2.462,0.6593
2.115,2.985,change A1 (A1 coarse),50.0,1.939,2.821
1.939,2.821,change A1 (A1 coarse),50.0,2.398,0.3325
0.26639999999999997,4.731,change A1 (A1 coarse),50.0,0.09665000000000001,3.766
0.09665000000000001,3.766,change A1 (A1 coarse),50.0,-0.19140000000000001,1.377
-0.19140000000000001,1.377,change A1 (A1 coarse),50.0,0.47200000000000003,1.07
0.47200000000000003,1.07,change A1 (A1 coarse),50.0,0.06662000000000001,1.09
1.006,3.332,change A1 (A1 coarse),50.0,0.5668,2.156
1.736,1.344,change A1 (A1 coarse),50.0,1.19,1.652
1.453,0.7966000000000001,change A1 (A1 coarse),50.0,1.209,0.26830000000000004
2.163,5.149,change A1 (A1 coarse),50.0,2.102,3.265
2.102,3.265,change A1 (A1 coarse),50.0,1.617,1.494
1.617,1.494,change A1 (A1 coarse),50.0,2.03,0.4566
2.396,1.378,change A1 (A1 coarse),50.0,2.14,1.776
2.62,1.818,change A1 (A1 coarse),50.0,2.418,1.517
2.418,1.517,change A1 (A1 coarse),50.0,2.384,1.913
2.588,1.872,change A1 (A1 coarse),50.0,1.502,1.867
3.037,4.608,change A1 (A1 coarse),50.0,2.694,3.607
2.694,3.607,change A1 (A1 coarse),50.0,2.663,1.811
2.663,1.811,change A1 (A1 coarse),50.0,2.538,2.071
2.838,1.982,change A1 (A1 coarse),50.0,2.711,1.198
2.186,2.121,change A1 (A1 coarse),50.0,1.927,2.415
1.927,2.415,change A1 (A1 coarse),50.0,1.901,0.5952000000000001
-3.085,7.226,change A1 (A1 coarse),75.0,-3.168,2.727
-1.294,2.211,change A1 (A1 coarse),75.0,-1.062,1.78
-1.215,2.197,change A1 (A1 coarse),75.0,-1.09,0.8322999999999999
-18.73,5.429,change A1 (A1 coarse),75.0,-20.76,2.689
1.55,3.685,change A1 (A1 coarse),75.0,1.26,0.5123
-3.012,5.65,change A1 (A1 coarse),75.0,-2.411,0.9659
2.377,18.99,change A1 (A1 coarse),75.0,1.122,8.414
0.9459,8.984,change A1 (A1 coarse),75.0,2.426,4.302
1.95,3.862,change A1 (A1 coarse),75.0,1.852,3.657
1.852,3.657,change A1 (A1 coarse),75.0,0.9718,1.874
2.219,9.097,change A1 (A1 coarse),75.0,3.182,4.722
3.182,4.722,change A1 (A1 coarse),75.0,0.5547000000000001,4.252
-0.5681,2.559,change A1 (A1 coarse),75.0,-0.2627,1.143
0.25680000000000003,2.573,change A1 (A1 coarse),75.0,1.956,1.963
0.9452,6.97,change A1 (A1 coarse),75.0,1.142,8.357
0.9424,6.542,change A1 (A1 coarse),75.0,0.4804,1.921
0.1502,6.761,change A1 (A1 coarse),75.0,0.16319999999999998,5.788
0.16319999999999998,5.788,change A1 (A1 coarse),75.0,-1.259,3.655
0.2691,3.243,change A1 (A1 coarse),75.0,-0.06823,0.6981
-0.30760000000000004,2.804,change A1 (A1 coarse),75.0,-0.6489,1.841
0.3729,1.726,change A1 (A1 coarse),75.0,0.26730000000000004,1.248
-0.8181,2.276,change A1 (A1 coarse),75.0,-0.6885,0.11950000000000001
0.33180000000000004,1.815,change A1 (A1 coarse),75.0,-0.8716,1.377
